model	accuracy	Yes	No	C.yes	Mid	Other	P.yes	P.no	Unsure	8
/home/azureuser/IndirectAnswers/models/BART_matched_strict_e3_lr3e-5_b32	0.7823168952436533	0.8651517664620999	0.8216306853909033	0.9192546583850932	0.4999999999999999	0.8722466960352423	0.1796116504854368	0.5115089514066495	0.119047619047619	
/home/azureuser/IndirectAnswers/models/BART_matched_strict_e3_lr3e-5_b32	0.7823168952436533	0.8651517664620999	0.8216306853909033	0.9192546583850932	0.4999999999999999	0.8722466960352423	0.1796116504854368	0.5115089514066495	0.119047619047619	
/home/azureuser/IndirectAnswers/models/BART_matched_strict_e3_lr3e-5_b32	0.8628538079953312	0.8920535459982911	0.8663758921490881	0.9083665338645417	0.3629893238434164	0.8653846153846153	0.0			
