model	accuracy	Yes	No	C.yes	Mid	Other	P.yes	P.no	Unsure	8
/home/azureuser/IndirectAnswers/models/BART_matched_strict_e3_lr3e-5_b32	0.7823168952436533	0.8651517664620999	0.8216306853909033	0.9192546583850932	0.4999999999999999	0.8722466960352423	0.1796116504854368	0.5115089514066495	0.119047619047619	
/home/azureuser/IndirectAnswers/models/BART_matched_strict_e3_lr3e-5_b32	0.7823168952436533	0.8651517664620999	0.8216306853909033	0.9192546583850931	0.4999999999999999	0.8722466960352423	0.17961165048543687	0.5115089514066495	0.11904761904761904	
