model	accuracy	Yes	No	C.yes	Mid	Other	P.yes	P.no	Unsure	8
/home/azureuser/IndirectAnswers/models/BART_matched_strict_e3_lr3e-5_b32	0.7728333819667348	0.8613538988860325	0.8154558261219561	0.8824742268041238	0.4339622641509434	0.8702928870292886	0.1717791411042944	0.4599483204134367	0.1494661921708185	
/home/azureuser/IndirectAnswers/models/BART_matched_strict_e3_lr3e-5_b32	0.7728333819667348	0.8613538988860325	0.8154558261219561	0.8824742268041238	0.4339622641509434	0.8702928870292886	0.1717791411042944	0.4599483204134367	0.1494661921708185	
/home/azureuser/IndirectAnswers/models/BART_matched_strict_e3_lr3e-5_b32	0.8540997957397141	0.8827304550758459	0.86090440755581	0.8689516129032258	0.3478260869565218	0.8818181818181818	0.0			
