model	accuracy	Yes	No	C.yes	Mid	Other	P.yes	P.no	Unsure	8
/home/azureuser/IndirectAnswers/models/BOOLQ_CIRCA_BERT_matched_strict_e3_lr5e-5_b32	0.7437992413189378	0.825246012894469	0.787805370482536	0.8627450980392156	0.4059405940594059	0.892018779342723	0.14578005115089515	0.4085510688836105	0.13138686131386862	
