model	accuracy	Yes	No	C.yes	Mid	Other	P.yes	P.no	Unsure	8
/home/azureuser/IndirectAnswers/models/BOOLQ_BERT_e4_lr3e-5_b16	0.3113510358914502	0.3119174434087883	0.3535666814355339	0.0	0.0	0.0	0.0			
/home/azureuser/IndirectAnswers/models/BOOLQ_BERT_e4_lr3e-5_b16	0.2681645754304056	0.28898836168307973	0.3226412142074792	0.0	0.0	0.0	0.0	0.0	0.0	
