model	accuracy	Yes	No	C.yes	Mid	Other	P.yes	P.no	Unsure	8
/home/azureuser/IndirectAnswers/models/BOOLQ_CIRCA_BERT_matched_strict_e3_lr5e-5_b32	0.751531952144733	0.8369853917662683	0.7864279766860948	0.8968335035750767	0.4695652173913043	0.8599999999999999	0.1317073170731707	0.4824120603015076	0.0948616600790513	
/home/azureuser/IndirectAnswers/models/BOOLQ_CIRCA_BERT_matched_relaxed_e3_lr5e-5_b32	0.8274000583600817	0.8639658848614071	0.818434644417958	0.88800792864222	0.26714801444043323	0.8571428571428571	0.0			
