model	accuracy	Yes	No	C.yes	Mid	Other	P.yes	P.no	Unsure	8
/home/azureuser/IndirectAnswers/models/BOOLQ_BERT_e4_lr3e-5_b16	0.3237525532535745	0.3145380434782608	0.374891272832705	0.0	0.0	0.0	0.0			
/home/azureuser/IndirectAnswers/models/BOOLQ_BERT_e4_lr3e-5_b16	0.27370878319229647	0.2870708546384222	0.3363159518667079	0.0	0.0	0.0	0.0	0.0	0.0	
