model	accuracy	Yes	No	C.yes	Mid	Other	P.yes	P.no	Unsure	8
/home/azureuser/IndirectAnswers/models/BOOLQ_CIRCA_BERT_matched_strict_e3_lr5e-5_b32	0.751531952144733	0.8369853917662683	0.7864279766860948	0.8968335035750767	0.46956521739130436	0.8599999999999999	0.13170731707317074	0.4824120603015076	0.09486166007905139	
