model	accuracy	0	1	2	3	4	5	6	7	8
/home/azureuser/IndirectAnswers/models/CIRCA_BERT_matched_strict_q_e3_lr2e-5_b32	0.727020717829005	0.8105500160823416	0.7549040741539126	0.8492610837438422	0.3474178403755868	0.8619246861924685	0.054140127388535	0.4131455399061033	0.2181818181818181	
/home/azureuser/IndirectAnswers/models/CIRCA_BERT_matched_strict_a_e3_lr2e-5_b32	0.7350452290633207	0.8133159268929504	0.7697288547146903	0.843444227005871	0.2193548387096774	0.8333333333333334	0.0412371134020618	0.3978201634877384	0.0808823529411764	
/home/azureuser/IndirectAnswers/models/CIRCA_BERT_matched_strict_qa_e3_lr3e-5_b32	0.7404435366209513	0.8230925050641459	0.7740249296340973	0.8586278586278586	0.3756345177664975	0.8389830508474576	0.09345794392523364	0.45217391304347826	0.18530351437699683	
