model	accuracy	0	1	2	3	4	5	6	7	8
/home/azureuser/IndirectAnswers/models/CIRCA_BERT_matched_strict_q_e3_lr2e-5_b32	0.737233732127225	0.817286304416905	0.763956043956044	0.8829891838741395	0.4235294117647059	0.8205128205128206	0.0598425196850393	0.4325581395348837	0.2184300341296928	
/home/azureuser/IndirectAnswers/models/CIRCA_BERT_matched_strict_a_e3_lr2e-5_b32	0.747446746425445	0.8282405918301704	0.7710694415825263	0.8738049713193117	0.3448275862068965	0.7999999999999999	0.0406091370558375	0.4371584699453552	0.0680851063829787	
/home/azureuser/IndirectAnswers/models/CIRCA_BERT_matched_strict_qa_e3_lr3e-5_b32	0.7487598482637876	0.8297274979355905	0.7753833402403647	0.9036885245901638	0.44036697247706424	0.8348623853211009	0.0962406015037594	0.46808510638297873	0.19285714285714287	
