model	accuracy	Yes	No	C.yes	Mid	Other	P.yes	P.no	Unsure	8
/home/azureuser/IndirectAnswers/models/CIRCA_BERT_matched_strict_q_e3_lr2e-5_b32	0.485264079	0.604352127	0.415862808	0	0	0.897435897	0.003731343	0	0	
/home/azureuser/IndirectAnswers/models/CIRCA_BERT_matched_strict_a_e3_lr2e-5_b32	0.69273417	0.781623863	0.724080268	0.833824975	0.180555556	0	0.097357441	0.395833333	0.125874126	
/home/azureuser/IndirectAnswers/models/CIRCA_BERT_matched_strict_qa_e3_lr3e-5_b32	0.740443537	0.823092505	0.77402493	0.858627859	0.375634518	0.838983051	0.093457944	0.452173913	0.185303514	
/home/azureuser/IndirectAnswers/models/CIRCA_BERT_matched_relaxed_q_e3_lr3e-5_b32	0.555442078	0.616373768	0.547993636	0	0	0.891891892	0.012738854			
/home/azureuser/IndirectAnswers/models/CIRCA_BERT_matched_relaxed_a_e3_lr2e-5_b32	0.781149694	0.819311527	0.779699677	0.850551655	0.11	0	0			
/home/azureuser/IndirectAnswers/models/CIRCA_BERT_matched_relaxed_qa_e3_lr3e-5_b32	0.827254158	0.857518248	0.827573111	0.865364851	0.263374486	0.870689655	0			
