model	accuracy	Yes	No	C.yes	Mid	Other	P.yes	P.no	Unsure	8
/home/azureuser/IndirectAnswers/models/CIRCA_BERT_matched_strict_q_e3_lr2e-5_b32	0.4735920630288882	0.6011911997082776	0.371333702268954	0.0	0.0	0.9009009009009008	0.0	0.0158102766798418	0.0	
/home/azureuser/IndirectAnswers/models/CIRCA_BERT_matched_relaxed_q_e3_lr3e-5_b32	0.5404143565800992	0.6109865470852018	0.5210144927536232	0.0	0.0	0.8599999999999999	0.0			
/home/azureuser/IndirectAnswers/models/CIRCA_BERT_matched_strict_a_e3_lr2e-5_b32	0.6966734753428655	0.790031152647975	0.7153284671532847	0.8621359223300972	0.1095890410958904	0.0	0.0953678474114441	0.3999999999999999	0.0897959183673469	
/home/azureuser/IndirectAnswers/models/CIRCA_BERT_matched_relaxed_a_e3_lr2e-5_b32	0.78567259994164	0.8266554196541545	0.7742562706591484	0.891108891108891	0.0776699029126213	0.0	0.0			
/home/azureuser/IndirectAnswers/models/CIRCA_BERT_matched_strict_qa_e3_lr3e-5_b32	0.7487598482637876	0.8297274979355905	0.7753833402403647	0.9036885245901638	0.4403669724770642	0.8348623853211009	0.0962406015037594	0.4680851063829787	0.1928571428571428	
/home/azureuser/IndirectAnswers/models/CIRCA_BERT_matched_relaxed_qa_e3_lr3e-5_b32	0.8376130726583018	0.8678592036930178	0.836208567551851	0.8929292929292929	0.29770992366412213	0.8636363636363635	0.0			
