model	accuracy	Yes	No	C.yes	Mid	Other	P.yes	P.no	Unsure	8
/home/azureuser/IndirectAnswers/models/CIRCA_BERT_matched_strict_q_e3_lr2e-5_b32	0.727020718	0.810550016	0.754904074	0.849261084	0.34741784	0.861924686	0.054140127	0.41314554	0.218181818	
/home/azureuser/IndirectAnswers/models/CIRCA_BERT_matched_strict_a_e3_lr2e-5_b32	0.735045229	0.813315927	0.769728855	0.843444227	0.219354839	0.833333333	0.041237113	0.397820163	0.080882353	
/home/azureuser/IndirectAnswers/models/CIRCA_BERT_matched_strict_qa_e3_lr3e-5_b32	0.740443537	0.823092505	0.77402493	0.858627859	0.375634518	0.838983051	0.093457944	0.452173913	0.185303514	
/home/azureuser/IndirectAnswers/models/CIRCA_BERT_matched_relaxed_q_e3_lr3e-5_b32	0.826232857	0.858038769	0.822669826	0.863773966	0.30651341	0.879310345	0			
/home/azureuser/IndirectAnswers/models/CIRCA_BERT_matched_relaxed_a_e3_lr2e-5_b32	0.825357456	0.855005237	0.825203252	0.867494824	0.332075472	0.885106383	0			
/home/azureuser/IndirectAnswers/models/CIRCA_BERT_matched_relaxed_qa_e3_lr3e-5_b32	0.827254158	0.857518248	0.827573111	0.865364851	0.263374486	0.870689655	0			
