model	accuracy	Yes	No	C.yes	Mid	Other	P.yes	P.no	Unsure	8
/home/azureuser/IndirectAnswers/models/DIS_CIRCA_BERT_matched_relaxed_e3_lr5e-5_b32	0.8462211847096586	0.8748184722625617	0.8477225080998666	0.9085239085239084	0.2258064516129032	0.9082568807339448	0.0			
/home/azureuser/IndirectAnswers/models/DIS_CIRCA_BERT_matched_strict_e3_lr3e-5_b32	0.7554712576597608	0.8331756543677074	0.7880244755244756	0.8625235404896422	0.35714285714285715	0.890909090909091	0.0631911532385466	0.49302325581395345	0.1285140562248996	
