model	accuracy	Yes	No	C.yes	Mid	Other	P.yes	P.no	Unsure	8
/home/azureuser/IndirectAnswers/models/DIS_CIRCA_BERT_matched_relaxed_e3_lr5e-5_b32	0.8389261744966443	0.8682331945270673	0.8443708609271523	0.8646379853095487	0.1785714285714285	0.9162995594713657	0.0			
/home/azureuser/IndirectAnswers/models/DIS_CIRCA_BERT_matched_strict_e3_lr3e-5_b32	0.7429238400933761	0.8205210678674815	0.7816042780748662	0.8404154863078377	0.36756756756756753	0.8965517241379312	0.03858520900321543	0.44954128440366975	0.1494661921708185	
