model	accuracy	Yes	No	C.yes	Mid	Other	P.yes	P.no	Unsure	8
/home/azureuser/IndirectAnswers/models/DIS_CIRCA_BERT_matched_relaxed_e3_lr5e-5_b32	0.8389261744966443	0.8682331945270673	0.8443708609271523	0.8646379853095487	0.17857142857142855	0.9162995594713657	0.0			
