model	accuracy	Yes	No	C.yes	Mid	Other	P.yes	P.no	Unsure	8
/home/azureuser/IndirectAnswers/models/SNLI_CIRCA_BERT_matched_relaxed_e3_lr5e-5_b32	0.8463670849139189	0.8737078651685394	0.8582488479262672	0.8508508508508509	0.2666666666666666	0.8968609865470851	0.0			
/home/azureuser/IndirectAnswers/models/SNLI_CIRCA_BERT_matched_strict_e3_lr2e-5_b32	0.7470090458126641	0.8327645051194539	0.7834119496855346	0.8417968750000001	0.28723404255319146	0.8246445497630333	0.067524115755627	0.4630071599045346	0.16216216216216217	
