model	accuracy	Yes	No	C.yes	Mid	Other	P.yes	P.no	Unsure	8
/home/azureuser/IndirectAnswers/models/SNLI_CIRCA_BERT_matched_relaxed_e3_lr5e-5_b32	0.8568718996206595	0.8875566603304578	0.8628352490421456	0.8767123287671232	0.3220973782771535	0.8878504672897196	0.0			
/home/azureuser/IndirectAnswers/models/SNLI_CIRCA_BERT_matched_strict_e3_lr2e-5_b32	0.758681062153487	0.8426480372588157	0.7911111111111111	0.887378640776699	0.3269230769230769	0.79	0.05203252032520325	0.4766355140186916	0.15849056603773584	
